"Company Name","City ","State","Zip Code","Area Code","Phone Number"
"Accent Music Inc","Wilmington","DE","19803","302","4771112"
"B & B Music","Camden Wyoming","DE","19934","302","6972155"
"Perkins Conservatory Of Music","Moorestown","NJ","08057","856","2356488"
"Settlement Music School","Camden","NJ","08102","856","5416375"
"Albert School","Elkins Park","PA","19027","215","6350945"
"Cheltenham Music & Art School","Elkins Park","PA","19027","215","6356311"
"Deluca Music Co","Hatboro","PA","19040","215","6741401"
"Harcum Medley Music School","Bryn Mawr","PA","19010","610","5266114"
"Paul Green School-Rock Music","Philadelphia","PA","19130","215","9889338"
"R & M Music Studios","Langhorne","PA","19047","215","7027003"
